iter	Logloss
0	0.6185333298
1	0.5529249965
2	0.5070200967
3	0.4761311026
4	0.4422649299
5	0.4158997546
6	0.3958342665
7	0.379391427
8	0.3647319007
9	0.3519808731
10	0.343259273
11	0.3340343259
12	0.3264858393
13	0.3199472945
14	0.314326494
15	0.3083279213
16	0.3035132642
17	0.3000273573
18	0.2963296114
19	0.2930395346
20	0.2904353507
21	0.2870272028
22	0.2845014103
23	0.2823447091
24	0.2803059807
25	0.2793621444
26	0.2773299377
27	0.276179186
28	0.2748694552
29	0.2728269194
